index,url
684751,1xbet-sx.xyz
233041,cisp.net
24933,techbigs.com
222129,newellpalmer.com.au
912575,mysocialpractice.com
188094,wonderlic.com
717024,networld.net.br
699029,highmoonstudios.com
298812,7host.cloud
864598,pfayi.com
426008,baoquangnam.vn
594715,nguyencoffeesupply.com
683741,heartgard.com
699066,ze-kino.ru
988782,breaking-news.one
739464,anschreiben.com
950492,yezcompare.com
178654,najdisvojeflirty.com
126970,saginfotech.com
364447,gladns.com
651081,jpws.jp
641069,spat4pp.jp
373518,bwmmedia.com
897082,fknapredak.com
462895,cialislet.com
537032,thothub.one
998005,uzshara.ru
241314,radley.co.uk
920363,copywriter.com.tw
583334,gfcyoung.com
86815,bactrimtrimethoprimsulfamethoxazole.quest
680183,goodyear.co.jp
376905,sexygame66.xyz
971127,kinokrab.com
69422,schools.net.au
136627,infotop.jp
516091,asideway.com
757114,road2prop.com
534035,wlypv-azino777.icu
109782,botfaqtor.ru
719010,golfleselect.com
627243,ananasmine.ru
657696,librosenred.com
928655,britefish.net
567130,mexicalidigital.info
494785,oneprogram.ga
467690,nyrentownsell.com
861389,admiralcasinos4.com
597403,helpkidzlearn.com
122564,racknation.cr
910130,gopetition.co.uk
126414,bitcoadz.io
522140,evanevanstours.com
281718,chu-nantes.fr
52474,frontofficesports.com
855801,notification-uppdate.com
816864,dragonsawakening.com
803959,codediesel.com
76115,among.chat
283478,tcco.com
670223,nemesis.ro
966368,behtarinideh.com
387667,sales2you.net
472764,qoshe.com
646107,1xbet-4.top
786265,oisolucoespraempresas.com.br
153118,mylearningplan.com
15446,providesupport.com
530535,theappliancerepairmen.com
210532,ahmjf.com
128875,shortpoint.com
79344,lifeworks.com
815342,hostingcoy.com
59940,ipslink.com
839847,buying.digital
728504,mypoisk.su
597738,monecle.com
957125,tcgroup.ai
254949,webtma.net
711483,marktwain.su
426253,baxi.co.uk
122125,myeg.com.my
353327,business-sweden.com
679748,grubb-ellis.com
300499,eneco.be
523829,rnmd.net
879705,mountaineast.org
524976,nacbez.ru
653253,1759x.xyz
19593,euroauto.ru
836189,bitcourier.co.uk
6253,doodlekit.com
391369,gamequitters.com
634223,fastedpls.com
701300,kdedevelopers.org
432785,mbbfsilk.xyz
168542,vrangel.ru
940686,businessresultstraining.com
475804,betmaster29.com
633295,rusc.ru
605474,cdn13tube.pro
309823,flashbrother.net
855195,designschool.ru
932060,creativeengineerschennai.com
511324,boardgamehalv.com
892454,presentation-3d.com
62600,microbiologyresearch.org
321091,ladoshki.com
82194,saveonfoods.com
570802,lottoalotto.ru
260944,inetsystems.ru
576882,edfish.in
536173,directvoregon.com
988357,92gaming.com
889764,taneya.co.jp
571136,paranet.com.br
935042,playsoftball.net
612701,badcreditloanshtze.com
397854,svdpusa.org
978545,oralb.nl
961030,inbia.org
216762,nufc.com
619874,dreye.com.cn
773987,vm96.ru
258595,gregorypacks.com
702082,radioedit.net
24221,gamingtechnology.io
432489,recordingconnection.com
812185,engit-alm.com
834328,ricetecmachinery.com
929929,sharkattackdata.com
315394,planetprinceton.com
17792,entertainmentearth.com
737026,printeron.com
396886,corp-dns.com
102534,nssmag.com
647079,mejeriet.dk
304652,seniorsmatter.com
428559,2be.pl
704920,picssr.com
164164,toon.eu
806763,yansmedia.com
787583,parklandsd.org
97480,byside.com
545699,charivnitsya.com.ua
98630,channel24bd.tv
566857,webdesignmk.co.uk
201292,donnaglamour.it
405537,kamagra.quest
606103,progressivechristianity.org
279887,flowingtimes.com
128572,byet.org
973042,spamq.co.il
556615,loftwork.com
692832,byrledmtscmd.com
552409,nikecanadaonlineshopping.ca
552982,amyskitchen.at
604561,capturetool.com
696959,forsamaule.cl
489507,drewbytes.com.au
384473,sonicacademy.com
535117,avsb.ru
244611,dvdcover.com
700546,pornomax.xyz
758649,opulous.org
5278,relap.io
60781,6cloud.fr
881368,sullivanrdgroup.com
599649,novomats.com
930345,vylink.com
129851,kcls.org
955303,fast-torrem.xyz
173369,medyaportakal.com
449548,investigativepost.org
861691,justware.co.jp
463772,infocreate.co.jp
523294,calparks.org
97251,bathspa.ac.uk
699695,8billiontrees.com
468043,hyenvi.com
62153,apeuni.com
207802,zhumadian.gov.cn
569715,dsf.my
798178,indilegalonline.com
882101,clearwaypain.com
830449,ppinds.in
830251,brainsync.com
842073,spd.berlin
232539,grupescort.xyz
104799,getzen.cash
631278,nlt-media.net
164198,theboystv.ru
766292,roms321.com
973290,kozzi.com
114243,ilga-europe.org
610192,writeathome.com
343253,filez.com
920136,dzancbooks.org
605732,sihf.ch
607675,piazzaitalia.it
288868,magazinecamp.com
283984,leavenworthtimes.com
730916,errorstatic.com
888599,raleighhotel.com
182035,mdu.ac.in
974335,justineclenquet.com
94478,upgradehost.ru
611484,zenit16042022.top
199885,pexip.com
474481,nationwidereport.com
211465,ocbase.com
717265,sbc-yahoo-dial.com
716272,megapozitiv.com
585173,unclenearest.com
93895,backpackinglight.com
495393,superraregames.com
391124,lodige.com
275503,oeffentlichen-dienst.de
539694,gobou-no-tou.com
128821,tadalafil.world
584268,globaldigitalcitizen.org
448948,tptv.cz
340812,npsk12.com
35729,dreamlab.pl
694157,elitehts.com
130933,freightquote.com
967228,aglugofoil.com
141500,shopstat.ru
755330,gehealthcare.co.uk
441883,bristol-yalta.ru
983272,accessoft.com
267482,adclr.jp
943036,myjob.com.cn
914193,polizei.hamburg
678400,mfnet.ne.jp
724772,polwizjer.com
673852,launch.com
426180,flashfly.net
443696,gpridezone.com
176753,quip-clients.com
549900,dialogsoft.biz
674701,apse.org.uk
381789,gg129.bet
945611,szczyrk.pl
546972,smithandcrown.com
309227,vafb.com
431759,putlocker.pics
626792,neasenldz.com
495333,mapbusinessonline.com
935022,tmdhosting115.com
206377,alliedschools.com
52779,milehighreport.com
807023,genericcialiswithnoprescription.monster
290930,bestbusinesslocal.com
763361,postudios.com
672748,deploynow.com
175051,satimage.cn
227562,welcu.com
547307,tangolearn.com
662704,uversenashville.com
934351,rsmconnect.com
747569,zoloce.ru
124638,carnegiemoscow.org
390689,italki.com.cn
755299,alisonangel.com
497780,club-millions.com
633912,netpia.com
326675,xn--69-emcdgdk.xn--p1ai
931825,yzshuyuan.com
81224,dailyo.in
925818,tipijadas.com
236566,mypicvideo.com
827461,lesdomainesdefontenille.com
234656,ilearnafrica.net
495915,tongtech.com
897406,crmc.org
117097,statistics.gr
855806,roballclonpac.cf
441340,ahpc.edu.cn
741701,ethnat.com
827139,xbase.ru
167229,netnews.srv.br
302241,bargainbunch.com
708034,linked-reality.com
831800,fanscustom.com
981514,retail-merchandiser.com
260903,poetrysociety.org
718153,raveshtech.ir
221335,candidgirls.io
396658,opn.tl
119630,ica.org
849201,iowaegg.org
432461,tvoy-procent.com
325096,tilmazli.com
508536,sovoc.online
818340,jobrainbow.jp
92709,kyrie5spongebob.us
390728,ezzer-mac.com
761268,xbestvulcan.com
140390,casey.org
437806,arrowpos.com
107124,nic.guru
187622,dagensmedia.se
753069,kayak.dk
940271,avalon.su
546109,hrp.gov.sg
843173,wandikeji.com
426036,dsb1.ca
870581,korloy.com
792387,mescroll.com
90557,registry.hm
721885,ain.scot
170936,dokteronline.com
886091,elitesportstours.ca
463228,eq7pokerdom.com
132526,blumpkintube.com
434153,cutyt.com
172327,sjobs.co
686704,mriya.org.ua
320904,batatv.com
522004,serf-zon.ru
164457,samsungmembers.cn
230846,shjinbuti.com
683422,bunkr.to
983073,univ-tebessa.dz
884204,maccosmetics.de
377513,templatemag.com
743121,informaticailiberis.com
452911,dynamicsuser.net
173626,iskmogul.com
778999,vhospedagem.com.br
239723,inplat-tech.ru
746960,pinkelephant.co.kr
494309,countryjunction.com
658871,gg.in.th
437232,ugtop.com
247745,coloradodirectory.com
577794,sbc-dish.com
713574,kappaalphapsi1911.com
711930,tikusbokep.org
529616,moi.gov.jo
639787,jfdfdth.net
443362,extratel.net.ua
169354,thentiacloud.net
754589,funeralservicessingapore.com.sg
559396,faxingw.cn
231927,worldoftulo.com
380732,gnvaltrex.com
183409,netcetra.com
993516,brainperformances.cf
249904,engineeredair.com
368617,vagisil.com
554070,tezaurs.lv
502064,magneticexchange.com
259117,vuanime.com
691110,binarium.trade
640186,satac.edu.au
972831,kopa.co
186137,vwfs.co.uk
910765,hantechs.co.kr
386685,egdatainform.dk
169743,soggysponge.com
307631,trackerboats.com
105749,online-south-park.ru
781970,hydroxychloroquinemedication.com
344640,neudomains.net
322042,cdnbase.com
201432,webhostingcoe.com
555298,norgrumfcu.org
693812,raspberricupcakes.com
892017,hostingqvantico.com.br
568796,harrowschool.org.uk
719954,creativetechs.com
578778,ifb.de
666611,livecounter.dk
763045,fairspincasino.com
751698,abiz.com
587856,build-basic.com
342251,apkpac.com
34864,ccc.eu
640010,shiftmediaph.com
599769,voghion.com
519864,anderzorg.nl
977190,kiss58.org
746154,unicsoft.com
771326,ntmdt-america.com
569518,4vjxn5.com
950201,nmdesigns.com
242933,hc.de
279442,kanmoulue.com
996347,cannabismo.org
56765,zahav.ru
334855,freemults.club
238005,arka.am
14214,zmlearn.com
124765,rechneronline.de
200294,erogazoufactory.com
323951,dockone.io
545688,liwest.ru
586752,dressya.ru
901023,sandton.eu
323484,pmagroup.com
307476,silpa-mag.com
70484,kaoyan.cn
435872,mbzzcake.xyz
216416,uefi.org
514971,photoeclair.com
434347,mbbffruit.xyz
371649,hummel.net
132203,unan.edu.ni
423323,klingmann.de
74335,a7e.ru
331382,autostrada.uz
437935,gotmyorder.com
89919,ebizautos.media
297839,rasanews.ir
473780,lyricsyaya.com
372651,spaceimaging.com
992948,plon.fr
706770,betfour61.xyz
721260,kg4jpl.com
574881,kawishproduction.com
47286,brand24.com
840200,ccisrd.ee
480078,rishikeshayurvedaonline.com
692256,supernova.io
56970,kcdn.online
318075,officetemplatesonline.com
565572,dohouse.co.jp
741307,diplomirossia.com
916104,savoirbeds.com
380842,vendorregistry.com
592199,ikram.sa
685072,frontiergeneral.com
992176,citytourindubai.com
345926,trustats.com
752122,cazino-x-official.ru
129457,journeytoshaolintemple.com
570380,justonedime.com
75405,arri.com
411927,mimco.com.au
440011,rahmanhr.com
690535,publisherhealth.com
511880,buyaccutane.online
628699,ad-74165.xyz
114990,airtel.com.ng
943858,casinox-nz.space
314812,change-management.com
611178,profixone.com
453976,infonow.website
957480,ozgurbaski.com
651321,slot-pap-11.xyz
157286,rexona.com
788964,brodirect2s.com
501498,techmania.ch
747618,eldorado-casino-igrat.ru
439985,ort.edu.ar
362869,aksar.online
666148,drugwarrant.com
773943,studioeleeela.com.br
928831,chinasbm.com
722635,solcasino1-sudebnik.ru
949937,farmersedge.ca
456863,beeline.co
716645,miyakomesse.jp
912426,crackbros.com
347703,rainbowpush.org
970783,sea-help.eu
665378,nostramap.com
140410,dollyparton.com
616195,piraju.pl
917852,oramacms5.gr
214010,linkddl.com
481442,jardinlasvegas.com
618324,lesaffre.hu
747942,bi-medien.de
509935,phillipspet.com
339145,wakayama-med.ac.jp
256444,topway.org
199575,segensolar.co.za
326729,christiancupid.com
767384,diaspodon.fr
835490,woodmen.net
960343,kcggz.com
379919,johnson.ca
804727,hstes.org.in
297257,rasko.ru
888277,hopi-nsn.gov
953764,propioweb.net
720449,changedirection.org
204087,bauen.de
860834,tilde.website
509152,electricbrands.de
431022,bsol.gr
19730,mubicdn.net
397397,spokanevalleyseo.com
172837,broan-nutone.com
478354,groundsandhoundscoffee.com
553724,bt-host.com
637166,maticooads.com
